# ID,time_preference,risk_aversion,loss_aversion,learning_rate,sen_commu,min_sen_environ,max_sen_environ,price_update_rate,flood_risk_updating_risk,community_ID,eco_of_scale_factor
0,0.021553582,0.847869279,2.141174908,0.079830854,1.782769553,0,1.014361877,0.532259895,0.866129947,7,0.966139342
1,0.088129105,0.890794404,1.724489794,0.074179406,1.924370381,0,1.727651984,0.459170746,0.829585373,1,0.929194927
2,0.027367452,0.908340014,1.586494273,0.062423386,1.191514807,0,1.192698783,0.73523612,0.96761806,9,1.192721099
3,0.032143677,0.88407993,1.990640979,0.05009012,1.109674683,0,2.167945867,0.342210278,0.771105139,1,1.246006804
4,0.092998822,0.862576161,2.700294508,0.091562322,0.60036915,0,1.331529615,0.421800447,0.810900224,7,0.85226037
5,0.052819445,0.917751663,1.937196356,0.093039738,1.786733347,0,1.031984179,0.611783027,0.905891513,6,0.997601645
6,0.064534602,0.846926322,2.494124062,0.063108632,1.144049701,0,1.197943017,0.371237591,0.785618796,3,1.153005516
7,0.024768233,0.883417789,2.578768732,0.086719466,1.505526193,0,1.820259845,0.28952658,0.74476329,11,1.082329517
8,0.071286996,0.855212238,2.300344849,0.075972908,1.528506908,0,1.6364959,0.212233968,0.706116984,4,1.052966506
9,0.085525773,0.840192069,2.148690976,0.078399771,0.804272645,0,2.464757424,0.75032265,0.975161325,8,0.924542815
10,0.083108292,0.884059057,2.197097611,0.070767477,1.381044232,0,1.125465358,0.34774513,0.773872565,1,1.164703966
11,0.086413806,0.915896933,2.421055374,0.056959559,1.102141551,0,1.562003964,0.219358752,0.709679376,6,1.247664352
12,0.071252266,0.885918208,2.041463503,0.068906267,1.473281965,0,2.05570323,0.787382829,0.993691415,10,0.965227128
13,0.06929152,0.910283062,2.909886804,0.052354148,1.628884622,0,2.268154344,0.483505061,0.841752531,3,0.76473099
14,0.06547794,0.877525837,2.238572223,0.096796261,1.255783252,0,1.694052725,0.384739737,0.792369868,11,1.061071292
15,0.040220437,0.915626867,2.371076319,0.074651077,1.894230333,0,1.703022311,0.436055884,0.818027942,9,1.100189808
16,0.050268264,0.880840366,2.569399289,0.063799909,0.791801129,0,1.673294996,0.30946928,0.75473464,7,0.957343711
17,0.08643913,0.902051843,3.263114953,0.086667831,0.901149024,0,2.016644309,0.488262672,0.844131336,9,0.948771141
18,0.072825859,0.882724825,2.486779024,0.068947381,0.758223132,0,1.161624824,0.595199724,0.897599862,2,1.002168982
19,0.046259883,0.892542206,1.777898695,0.060905807,1.351740413,0,2.393280604,0.772533387,0.986266693,2,1.171803494
20,0.083072269,0.842106,2.927017588,0.084922386,1.707532597,0,1.261923683,0.597860793,0.898930396,5,1.222340802
21,0.064319962,0.872452701,3.366614234,0.087073522,0.703892918,0,1.799055945,0.57616079,0.888080395,10,1.124878896
22,0.039868272,0.90359385,3.165967233,0.068056347,1.081562052,0,1.199002503,0.438332216,0.819166108,7,1.025953632
23,0.025855473,0.884325931,2.787595881,0.089237364,0.630118829,0,1.86134954,0.235134474,0.717567237,4,1.07899489
24,0.027398233,0.912541661,1.511875909,0.053838713,1.489384362,0,1.089482878,0.407629909,0.803814954,0,0.899054274
25,0.046711169,0.871531509,2.543097229,0.072907616,1.904242374,0,1.601486252,0.372701455,0.786350727,6,0.774672161
26,0.063158699,0.872613433,2.551355959,0.054406703,0.704406693,0,1.326116433,0.492021659,0.84601083,11,1.198617601
27,0.055189558,0.899053565,2.116276323,0.080439304,1.971452535,0,2.124257425,0.210058668,0.705029334,0,1.128526433
28,0.072222389,0.853653933,3.482985913,0.051325759,0.697334766,0,1.592340411,0.596710218,0.898355109,3,0.819409551
29,0.053539995,0.900088096,2.853208621,0.052119443,1.154013898,0,1.3096129,0.781151372,0.990575686,11,0.903015496
30,0.066505406,0.87908563,2.492011674,0.060960391,1.520780442,0,1.587563981,0.455768531,0.827884266,11,0.984005667
31,0.058583177,0.875453401,2.300940385,0.062950242,1.954484276,0,2.325331131,0.392874876,0.796437438,1,0.963218724
32,0.078029085,0.879535188,2.187641954,0.095321744,1.838014997,0,1.793892017,0.359549776,0.779774888,9,0.756567587
33,0.051315294,0.84685236,1.680869503,0.088881993,1.989903905,0,2.008413869,0.378675412,0.789337706,5,0.84179946
34,0.079758257,0.909593156,2.716622746,0.095787559,1.651737463,0,2.357131247,0.740772833,0.970386417,7,0.952674132
35,0.09079488,0.866118583,3.109082844,0.090848747,1.857387002,0,1.159298964,0.680999789,0.940499894,3,1.167959685
36,0.040813901,0.91351047,3.050264055,0.078052588,1.877900727,0,2.49833886,0.665453459,0.93272673,9,1.229713403
37,0.0930297,0.889587161,3.180984675,0.092706822,1.266121106,0,2.004620853,0.598532962,0.899266481,10,0.96731145
38,0.065047035,0.851417724,2.727794719,0.080511316,1.626005613,0,1.185390905,0.620978438,0.910489219,5,1.085388063
39,0.035129215,0.846810033,2.733666349,0.053862752,1.692436037,0,2.496996695,0.258370776,0.729185388,6,0.895224119
40,0.023870953,0.882010606,2.708378687,0.072168695,1.18983042,0,2.169520942,0.78665145,0.993325725,3,0.798161038
41,0.074693323,0.896779748,1.525760867,0.092999364,1.325426031,0,1.09019024,0.33647092,0.76823546,8,0.870620987
42,0.049722984,0.867228653,1.66852345,0.061247599,1.574503927,0,1.712775951,0.354949459,0.777474729,3,0.863396774
43,0.052644456,0.869881996,1.995819093,0.063750809,1.594756431,0,2.091862368,0.542251226,0.871125613,10,1.090157109
44,0.033587145,0.890141996,2.751897803,0.062997866,0.888378903,0,2.081974439,0.224356292,0.712178146,1,1.030268046
45,0.066604001,0.911461735,2.998198419,0.093028585,1.075261015,0,1.875558776,0.253582711,0.726791356,3,0.920817671
46,0.081725938,0.862572077,3.06962192,0.057385551,0.965753623,0,1.689315192,0.463374176,0.831687088,5,1.236769187
47,0.074988925,0.869387012,3.259835832,0.080627966,1.99135286,0,2.02233126,0.542474016,0.871237008,9,1.180040478
48,0.047533483,0.843062147,2.177738879,0.084840004,0.500858199,0,1.623411841,0.589741405,0.894870703,1,0.817029658
49,0.076324281,0.896858353,1.554652251,0.057451782,1.603824543,0,1.683024375,0.595660643,0.897830321,0,0.836574615
50,0.060312061,0.896564688,1.711932332,0.093481557,1.641798631,0,1.822088971,0.295245895,0.747622948,4,0.99278765
51,0.067752539,0.882360922,1.88659445,0.056902631,1.400969322,0,1.199524024,0.608582241,0.904291121,3,0.932583477
52,0.025152061,0.872950295,2.006436346,0.062312024,0.593973225,0,2.117228361,0.365837018,0.782918509,1,0.822131198
53,0.062489702,0.869543788,3.282573348,0.081937566,1.049011374,0,1.794293527,0.619096894,0.909548447,9,1.063268888
54,0.069993692,0.910577921,1.699790037,0.072621541,1.717944396,0,1.523024158,0.551560075,0.875780037,1,1.157193679
55,0.06883866,0.85869289,2.254061684,0.072550497,1.102184175,0,1.396093962,0.498129586,0.849064793,5,0.996494014
56,0.081443534,0.879781312,1.523793828,0.084119209,1.696100609,0,1.509390597,0.688298494,0.944149247,9,0.908724992
57,0.064988492,0.892541503,2.689890325,0.085164718,1.143238498,0,1.720361754,0.640642662,0.920321331,10,0.798401326
58,0.053122244,0.903522278,1.566822551,0.059149539,1.402226114,0,2.131852796,0.474027606,0.837013803,0,1.107396931
59,0.041817363,0.903562825,2.746810232,0.085087626,1.954165912,0,1.480242425,0.517657312,0.858828656,4,1.117014854
60,0.092570079,0.889987847,1.869123383,0.053046044,1.867772129,0,2.034672089,0.670118115,0.935059058,2,1.026993277
61,0.047768526,0.867642952,3.295061459,0.072275032,1.9715222,0,2.287641766,0.307182749,0.753591375,6,0.955616808
62,0.020963477,0.884715363,1.611300979,0.050868291,1.080395106,0,1.394414396,0.596499092,0.898249546,0,1.176590267
63,0.052788308,0.862318562,1.803589805,0.066511764,1.369538813,0,2.479755948,0.337991356,0.768995678,7,1.031101195
64,0.046635232,0.877325651,2.752964689,0.084527274,0.777528159,0,2.207418326,0.237701903,0.718850951,7,0.91157202
65,0.063506844,0.91321028,2.42246116,0.061747716,1.396418577,0,1.366573751,0.799939434,0.999969717,6,1.183586856
66,0.033649445,0.912104016,3.308542414,0.090040049,1.637738077,0,1.03024488,0.363855452,0.781927726,3,1.142075266
67,0.031167336,0.882048709,3.142258945,0.080364916,1.143697499,0,1.606172544,0.716359009,0.958179504,4,1.061260252
68,0.075246511,0.862034238,3.145808648,0.058608277,0.659328782,0,1.706489765,0.263891409,0.731945705,7,0.837160319
69,0.033655495,0.855742889,2.407786759,0.061236847,1.362795311,0,1.193468147,0.766407207,0.983203603,10,0.902963796
70,0.070883281,0.846860189,2.524994387,0.061341324,1.016699985,0,1.517336414,0.332174166,0.766087083,0,0.805974979
71,0.061079631,0.86888275,3.207256082,0.080279549,1.091607506,0,1.317610018,0.790731306,0.995365653,7,1.131078293
72,0.028500364,0.859421591,3.052297582,0.055862274,1.902220513,0,1.888197813,0.723581828,0.961790914,5,0.981508022
73,0.035611254,0.906445254,2.285506396,0.057823508,0.811194708,0,1.343771756,0.221713922,0.710856961,3,1.247862889
74,0.053917922,0.876933873,2.186755347,0.065212214,1.430256318,0,2.301155814,0.76869226,0.98434613,0,1.062929668
75,0.028222966,0.872034762,3.461296963,0.075379062,1.402428536,0,1.714280067,0.232719929,0.716359964,9,0.909292379
76,0.082609819,0.871375682,3.255734631,0.071805649,0.871315169,0,2.077690739,0.517468924,0.858734462,6,0.815151251
77,0.088836203,0.877099182,3.432461234,0.063759963,0.546163085,0,1.481458771,0.361971043,0.780985522,1,1.098703593
78,0.048607789,0.8878906,3.353851107,0.074245376,1.837620406,0,1.897905269,0.431528372,0.815764186,6,1.12527922
79,0.076977266,0.914493212,1.648921386,0.091995005,1.954714293,0,2.121568018,0.309195067,0.754597533,2,0.85910092
80,0.036778815,0.916629146,3.49829623,0.089480409,1.677578154,0,2.284423461,0.505781631,0.852890816,0,0.828647114
81,0.035519919,0.876315165,3.298172018,0.06249145,1.388514866,0,1.098157374,0.444882488,0.822441244,6,1.199798477
82,0.088861867,0.904382056,3.293364339,0.074585324,1.82050115,0,2.037229544,0.516522683,0.858261342,0,0.988050293
83,0.055577219,0.852739571,2.95915467,0.080648664,1.369187765,0,1.422293978,0.757561589,0.978780794,4,1.21171939
84,0.035805906,0.916436983,3.362453101,0.074177755,1.037820637,0,1.317226064,0.229507901,0.71475395,2,1.127470193
85,0.092407981,0.873367077,1.521329261,0.099449566,0.725950419,0,2.065046005,0.213062654,0.706531327,11,1.201324607
86,0.087125378,0.899238217,2.049533533,0.092405349,1.187005706,0,2.194187049,0.793707075,0.996853537,9,1.063519328
87,0.036483036,0.870287474,1.858986688,0.078715828,1.893670096,0,1.026241401,0.658988172,0.929494086,6,0.771096766
88,0.079343364,0.864675524,1.668740216,0.053254539,1.399844385,0,1.978682174,0.475566035,0.837783017,5,1.173582065
89,0.076037118,0.917440674,2.044431389,0.072782757,0.562191145,0,1.502842469,0.391042328,0.795521164,11,1.193318529
90,0.025398843,0.841916756,3.270736912,0.090201692,1.985688316,0,1.222356953,0.588223071,0.894111536,10,1.004513563
91,0.07748985,0.916417034,2.634163518,0.058429405,1.579088321,0,1.293130081,0.342173951,0.771086976,8,1.214491585
92,0.088307907,0.864439244,2.238015547,0.083869457,1.654946098,0,1.055483513,0.299749246,0.749874623,0,1.131439781
93,0.046761267,0.904464504,2.462149197,0.098576826,0.790614616,0,2.122775166,0.406029914,0.803014957,10,1.244452669
94,0.087132332,0.886953037,2.345496533,0.074664617,0.548479394,0,2.44266524,0.257605695,0.728802848,8,1.086408887
95,0.037819889,0.917074927,2.881125051,0.070581034,1.282670108,0,1.051277488,0.662947148,0.931473574,11,0.929583871
96,0.096832064,0.911595473,2.262666309,0.055377348,0.623143015,0,1.398514251,0.515014984,0.857507492,9,0.963734136
97,0.090271293,0.865022669,2.433854806,0.051027448,0.682350667,0,2.431710701,0.465642127,0.832821063,11,1.204991111
98,0.070057276,0.841432503,1.952654848,0.097967756,1.217188342,0,2.330079422,0.695133143,0.947566571,5,1.235798871
99,0.037619805,0.914000218,2.570378331,0.062885849,1.733417603,0,1.778264428,0.392941442,0.796470721,0,1.158497479
100,0.071330218,0.869747462,1.715719138,0.057821871,1.264790223,0,1.013296981,0.474374069,0.837187035,1,1.178251614
101,0.020501177,0.864922826,2.969988834,0.074523705,0.752031469,0,2.369223285,0.675683246,0.937841623,10,1.232215856
102,0.082699544,0.871715369,1.617567303,0.086386477,0.77122184,0,2.446723145,0.613030321,0.90651516,8,1.080194874
103,0.055206985,0.881996818,3.458403627,0.067454314,1.342585048,0,1.890992437,0.216996433,0.708498217,3,1.049244389
104,0.029095307,0.867248994,3.353170879,0.097629199,0.599549586,0,1.008047638,0.794912771,0.997456385,7,0.757551211
105,0.031434732,0.866512694,1.663582766,0.08684682,1.891610545,0,1.84701291,0.710206845,0.955103422,7,1.090997612
106,0.079717774,0.87563137,1.631320578,0.09432688,1.248705179,0,1.799470994,0.567424178,0.883712089,4,0.943243942
107,0.031451527,0.9125787,2.349991204,0.083300542,1.464845616,0,2.153900993,0.555179006,0.877589503,0,0.802925352
108,0.048712311,0.913977389,2.294128023,0.072667038,1.879864895,0,2.391195328,0.200065548,0.700032774,3,0.840496292
109,0.029421534,0.908554889,3.188757582,0.068578232,1.525799573,0,2.152557476,0.346230161,0.773115081,10,1.07431994
110,0.032855069,0.852135507,2.95594704,0.063579445,1.884636988,0,1.859716407,0.622295681,0.911147841,5,0.821614363
111,0.040517567,0.841726505,2.483642951,0.07921326,1.953722449,0,1.509847169,0.599989655,0.899994828,11,1.233109573
112,0.02371512,0.852873396,2.974462248,0.050308364,1.266427836,0,2.464482772,0.408091728,0.804045864,6,0.841894689
113,0.074171243,0.899638249,1.504293851,0.098343818,0.551695277,0,1.829911936,0.560011425,0.880005713,0,1.028961056
114,0.082521439,0.902552946,1.971871891,0.053588402,1.232965688,0,1.948351062,0.401485176,0.800742588,11,1.019298691
115,0.034589176,0.869805738,1.771586433,0.0657152,1.535153225,0,2.454789911,0.475525043,0.837762522,6,1.065825581
116,0.092827432,0.91120838,1.639649749,0.08151189,0.669275354,0,1.965509664,0.712644395,0.956322197,5,1.239842649
117,0.059050321,0.913691117,2.344141885,0.095391643,0.654972611,0,1.287231396,0.230991926,0.715495963,3,1.028455396
118,0.051250031,0.889224792,3.362038726,0.063332814,0.677060267,0,1.099164369,0.353284919,0.77664246,0,0.777693032
119,0.078795601,0.859741366,3.119042317,0.089455869,1.865093009,0,1.776159594,0.740824202,0.970412101,7,0.818263731
120,0.047857058,0.912458096,3.238648623,0.065697301,0.635570242,0,1.008268773,0.476486992,0.838243496,3,1.007951782
121,0.030288816,0.902928392,1.78266762,0.079872916,1.915329855,0,1.187934903,0.750131682,0.975065841,0,0.81258404
122,0.066959034,0.885331194,2.984586958,0.098142915,1.11761917,0,1.747113454,0.723268772,0.961634386,7,0.990481475
123,0.03962113,0.858195183,2.184697775,0.071663171,1.402349831,0,1.118784566,0.414440441,0.807220221,9,0.89388579
124,0.067419782,0.871688883,1.672560537,0.063013652,1.461819799,0,1.933882602,0.221996967,0.710998483,11,1.008776102
125,0.073546543,0.909742192,1.523946862,0.090380927,0.594978346,0,1.310542346,0.411884602,0.805942301,10,1.042126855
126,0.090956066,0.867336829,1.70150737,0.064803857,1.026641287,0,1.061959533,0.484806443,0.842403222,5,0.77945097
127,0.025582629,0.906427355,1.505671639,0.060082541,1.868505166,0,2.485207123,0.759749679,0.97987484,7,1.014630367
128,0.070827382,0.907487349,3.421669879,0.060109129,1.655302756,0,1.511615315,0.561758989,0.880879495,5,0.832824998
129,0.068273091,0.904163647,2.396085316,0.091503347,0.722251137,0,1.010434252,0.304634616,0.752317308,6,0.764928373
130,0.02427825,0.868767759,2.633199326,0.055085814,0.715730357,0,1.163673582,0.721944922,0.960972461,3,1.232003191
131,0.058018531,0.857134342,2.009510323,0.060508832,1.593492541,0,1.994199018,0.422479584,0.811239792,11,0.807305065
132,0.055191125,0.845176309,2.235108691,0.071392298,0.883608322,0,1.921425205,0.762367462,0.981183731,10,1.140932472
133,0.089090297,0.887067246,1.863178027,0.099951766,1.63223758,0,1.567913096,0.537284465,0.868642232,9,0.797352909
134,0.058282283,0.905898354,2.57144108,0.063671057,1.32205402,0,2.215023981,0.379325798,0.789662899,0,1.063398654
135,0.09848956,0.842028143,1.618924072,0.071332648,1.937404158,0,1.803040051,0.38759621,0.793798105,6,0.803521825
136,0.091635616,0.919554213,2.429928098,0.082038099,1.399133534,0,1.429857875,0.60811458,0.90405729,3,0.822017057
137,0.073194275,0.872646651,1.662940184,0.071433018,1.869483388,0,2.320296587,0.22087874,0.71043937,2,0.762337432
138,0.077497655,0.847978831,1.961752711,0.077001346,1.403447087,0,2.114833555,0.580247469,0.890123735,1,0.920724261
139,0.090290728,0.8930278,1.698240164,0.050062147,1.798498714,0,1.897536418,0.517205789,0.858602895,7,0.953829941
140,0.038128693,0.840245972,1.761361621,0.080258693,1.234976867,0,1.622339314,0.625667968,0.912833984,1,1.15682008
141,0.029589977,0.853908111,3.08036476,0.097069917,1.227220773,0,2.300632225,0.235532904,0.717766452,11,1.228651477
142,0.064849742,0.918114964,1.565128974,0.078088818,0.687999948,0,1.846771646,0.786869263,0.993434631,10,0.819667373
143,0.085973251,0.898201863,3.006613976,0.069615666,1.02754321,0,1.215615617,0.365236919,0.782618459,4,0.940258748
144,0.022003784,0.855412521,1.649831654,0.060692548,1.935855669,0,1.666289624,0.767603071,0.983801536,10,1.053039701
145,0.051284467,0.910422405,2.921194196,0.061841707,1.117879671,0,2.22535892,0.331941384,0.765970692,2,1.000530624
146,0.039314202,0.872525044,2.82929615,0.081417468,1.506505769,0,1.223236696,0.797682313,0.998841157,11,1.239352588
147,0.082024254,0.915024348,2.109590575,0.099510379,1.373026081,0,2.054068678,0.33849838,0.76924919,1,0.770649495
148,0.049709943,0.917317603,1.931313339,0.075772671,1.292606928,0,2.184159181,0.684018041,0.942009021,3,1.08660916
149,0.028206511,0.919154862,3.481699562,0.094275614,0.937267102,0,1.710033446,0.636278227,0.918139114,4,1.124639045
150,0.094843012,0.868959781,3.262981147,0.069465286,1.203901581,0,1.466825057,0.771706384,0.985853192,11,1.029210613
151,0.058263284,0.857333778,3.318310427,0.083458785,1.005997897,0,2.44549463,0.332655961,0.76632798,5,0.897911689
152,0.083543084,0.885313026,2.736504674,0.078173084,1.587289528,0,1.910290762,0.791508988,0.995754494,2,1.194820786
153,0.096081517,0.900652623,3.270812647,0.065059876,0.869493176,0,1.296221618,0.590873093,0.895436547,10,1.198894449
154,0.022571103,0.901708074,2.352577557,0.070968308,1.636710778,0,2.125846853,0.656558663,0.928279331,0,1.200680874
155,0.036995586,0.896678522,3.460190738,0.070558348,1.473322404,0,1.20643102,0.711560762,0.955780381,3,1.136676304
156,0.097968951,0.855413476,1.579149644,0.076969876,1.425735722,0,1.128323028,0.467285621,0.83364281,8,1.000188163
157,0.034111485,0.918687186,2.673678651,0.0600615,1.21078378,0,1.219542437,0.656558895,0.928279448,5,0.947341801
158,0.078734423,0.859537625,3.001627997,0.069616665,1.565817083,0,1.492357409,0.376501659,0.788250829,1,1.12410315
159,0.035437853,0.84441435,1.751067987,0.054828959,1.489755801,0,1.039806906,0.463377126,0.831688563,11,0.851062619
160,0.097311942,0.884840118,1.587253857,0.065291491,1.139276804,0,1.04555449,0.216908576,0.708454288,6,1.119063722
161,0.059283169,0.879221239,3.028292706,0.059041938,0.514626085,0,2.070041176,0.674674198,0.937337099,7,1.110910446
162,0.064160858,0.863148404,2.639031255,0.054065283,1.097349419,0,1.093906546,0.280226129,0.740113065,8,1.092321691
163,0.046375872,0.912281185,2.01587772,0.050335274,1.779723204,0,2.369846031,0.206383183,0.703191591,6,0.933151875
164,0.044315799,0.879563423,2.828605861,0.088980022,1.938909337,0,1.252055256,0.715130963,0.957565481,8,1.008384762
165,0.096816658,0.863644119,2.576739513,0.098938948,1.308207934,0,2.253079422,0.553205254,0.876602627,9,0.99113252
166,0.025020306,0.840911341,2.115785801,0.094674726,1.119666294,0,2.347266525,0.300630104,0.750315052,7,0.75629454
167,0.033709114,0.885462589,3.406836607,0.081727173,0.565980309,0,1.173669021,0.255007183,0.727503591,8,1.200445622
168,0.022197906,0.883195741,3.335319513,0.090112385,0.94117501,0,1.618235816,0.49018561,0.845092805,9,1.176804988
169,0.081756974,0.882093735,2.265899971,0.089007239,0.57928175,0,1.402606978,0.704043749,0.952021875,8,0.928515013
170,0.0515848,0.896693416,2.40013407,0.052880654,0.844276573,0,1.996933018,0.326110941,0.763055471,3,0.986195087
171,0.024275471,0.887558701,3.245465062,0.057898343,0.767256376,0,1.07364189,0.308143099,0.75407155,3,0.938324959
172,0.064727751,0.868536799,2.765272044,0.072843967,1.874549534,0,1.053272255,0.376435277,0.788217639,5,1.248626589
173,0.051144117,0.876016422,2.43888713,0.051043057,0.565825884,0,1.850191406,0.246453172,0.723226586,11,0.918651229
174,0.033598927,0.898629139,2.005880381,0.061836624,1.548226444,0,1.888855729,0.378274401,0.789137201,1,1.01566632
175,0.084429135,0.848616757,3.226160078,0.086137657,1.065512627,0,1.942167769,0.309533617,0.754766809,6,0.867246958
176,0.024104198,0.8658851,2.562450906,0.089956925,1.993332553,0,2.292365601,0.472524733,0.836262366,2,1.090351202
177,0.074633484,0.87840391,2.34757757,0.075931678,0.552697905,0,2.420377331,0.518874453,0.859437227,7,1.18104382
178,0.09144536,0.850700581,2.127145936,0.080340473,1.623080022,0,1.25377272,0.342763571,0.771381786,11,1.221125289
179,0.039109534,0.87726116,1.624333031,0.074574479,0.536071028,0,2.037042169,0.230205761,0.715102881,7,1.004186793
180,0.034992077,0.904121983,3.158614772,0.066297443,0.585111251,0,1.900556729,0.684870515,0.942435258,4,1.216012782
181,0.084183961,0.85881064,3.116125875,0.077478454,1.976446891,0,1.357451029,0.209360225,0.704680113,3,1.045498392
182,0.060959861,0.902442775,1.98116345,0.092401583,1.246699666,0,1.048878223,0.775129022,0.987564511,10,0.818342598
183,0.071091941,0.85624241,1.742259326,0.067935004,1.897646213,0,2.323988593,0.35386404,0.77693202,2,1.125078747
184,0.050726047,0.893828394,2.666945931,0.093348357,1.890837084,0,1.780754491,0.383614442,0.791807221,5,1.114611084
185,0.098160666,0.885601696,2.369264695,0.074966044,0.704269474,0,1.342354736,0.589305123,0.894652561,7,0.778560083
186,0.049401072,0.907533032,2.381481793,0.076068565,1.572213769,0,1.382950252,0.443138508,0.821569254,4,1.170337979
187,0.08103382,0.876602555,3.021610894,0.076648633,1.412332153,0,2.051208077,0.328751968,0.764375984,8,0.968341836
188,0.069144819,0.89217273,2.946173561,0.06161113,1.682578123,0,1.520486837,0.425524965,0.812762483,10,1.144495152
189,0.044103855,0.841724576,2.520881188,0.09896606,0.72750924,0,1.996144105,0.242897005,0.721448502,0,0.86836626
190,0.035548864,0.847976012,2.754365189,0.081114899,0.722452609,0,1.835609823,0.400347619,0.80017381,11,1.020912163
191,0.040334825,0.848553622,2.322023099,0.091940062,1.805995599,0,1.291774827,0.443638046,0.821819023,2,0.929913163
192,0.072785046,0.890361697,2.287107578,0.058359142,1.573540667,0,1.891149433,0.643290005,0.921645002,11,0.945767865
193,0.078743271,0.886168296,3.373038147,0.065671057,0.990195011,0,1.096359301,0.395150459,0.797575229,4,1.195305155
194,0.040352533,0.900752714,2.05585962,0.070925814,0.67937047,0,2.419270072,0.207544239,0.703772119,2,0.933210621
195,0.051129376,0.848184376,2.137402055,0.091503175,1.145620843,0,1.354696098,0.585798539,0.89289927,11,0.892157679
196,0.095711244,0.914579198,2.389124718,0.075452737,0.759467257,0,1.347122195,0.707135728,0.953567864,11,0.970930912
197,0.069316076,0.890529207,2.785010508,0.096996414,1.351328844,0,2.402290956,0.263759311,0.731879655,6,0.75569616
198,0.031251254,0.851052057,2.342241428,0.08406049,0.732206895,0,1.70804779,0.75514279,0.977571395,5,1.102473477
199,0.061236688,0.901778954,3.31878682,0.090631135,1.592431653,0,1.195945335,0.597130789,0.898565395,2,0.977136041
200,0.099243708,0.89118026,2.191446371,0.084167675,0.766006185,0,1.004461475,0.529688497,0.864844248,11,0.870354073
201,0.023806726,0.909495906,2.775350068,0.05790545,1.791988604,0,2.301013965,0.647680202,0.923840101,4,1.19155979
202,0.075232444,0.887480898,2.432847418,0.06677272,1.602658095,0,2.429957053,0.598121832,0.899060916,9,0.830036879
203,0.098429299,0.863985098,3.327957281,0.089986746,1.805800288,0,1.565270318,0.562084189,0.881042095,1,1.089096166
204,0.029732562,0.902270474,2.193992047,0.076141787,1.977710843,0,1.031103445,0.66080962,0.93040481,1,1.239857709
205,0.049652208,0.860269751,2.761207713,0.068151696,1.624393678,0,1.997637277,0.225922652,0.712961326,7,0.958399525
206,0.050190698,0.856138856,2.90405386,0.063484271,1.872315265,0,1.997496575,0.566375587,0.883187793,0,1.147002108
207,0.075054615,0.902711781,2.586257583,0.096085195,1.102331461,0,1.253165374,0.565650079,0.88282504,4,0.788992592
208,0.046266963,0.867899647,2.303506389,0.05083416,0.537975216,0,2.063490762,0.255484844,0.727742422,5,0.879086673
209,0.085111336,0.917767457,2.450779159,0.091167685,1.244309255,0,1.008603596,0.336897912,0.768448956,7,1.245210082
210,0.039201402,0.903183139,3.240521008,0.051069454,1.630107339,0,2.214808385,0.737125991,0.968562996,10,1.215820421
211,0.021297305,0.875168463,1.879549645,0.057690111,0.70857864,0,1.548971803,0.219150808,0.709575404,11,0.849968045
212,0.046726214,0.904074967,2.477084035,0.077800579,0.920006262,0,2.250775202,0.377328581,0.788664291,10,0.76237542
213,0.099399041,0.8495602,2.442503149,0.066113285,1.561771288,0,2.230122956,0.674453602,0.937226801,9,1.160523974
214,0.087906465,0.898177822,3.285448062,0.075652089,0.722758508,0,1.033618516,0.624400898,0.912200449,3,0.86764043
215,0.055587351,0.865399254,2.419595559,0.083848406,1.566526263,0,1.785344464,0.776901073,0.988450536,6,0.952029261
216,0.053263236,0.891423195,2.601014931,0.074370132,1.354047979,0,1.627470704,0.200945658,0.700472829,4,1.053681061
217,0.052792188,0.846494671,2.587770976,0.083990198,1.473372361,0,1.069583174,0.699228643,0.949614322,10,1.066748778
218,0.050990709,0.875067555,1.812884605,0.089757582,1.944994102,0,2.49902488,0.525796475,0.862898237,6,1.159032528
219,0.078300672,0.880391781,1.565484237,0.080005829,1.461771408,0,1.065304442,0.638593254,0.919296627,6,0.80155201
220,0.069519222,0.901397036,2.068686351,0.07643895,0.555305763,0,1.241941434,0.306317295,0.753158648,8,0.758540229
221,0.078389372,0.913456738,2.38319476,0.054280922,0.587541931,0,2.027737556,0.227834614,0.713917307,4,0.981942227
222,0.053697164,0.892186784,2.952980401,0.082395346,0.583041401,0,1.943877756,0.73475906,0.96737953,8,0.966855218
223,0.034401704,0.89200204,1.90423844,0.095811266,1.196584596,0,2.272512366,0.661993846,0.930996923,10,0.940320292
224,0.033342053,0.841519661,3.147650451,0.052804936,1.075235756,0,1.555614824,0.481704935,0.840852468,0,0.905674799
225,0.089267311,0.850448997,2.158964412,0.071708817,1.7127004,0,1.498405655,0.650585467,0.925292733,9,0.949378949
226,0.042824324,0.86644617,2.618215636,0.088134682,1.459728113,0,1.837977119,0.520557719,0.86027886,10,1.148495054
227,0.079234793,0.859589186,2.634099266,0.057485344,1.387471231,0,1.734654314,0.512956754,0.856478377,1,0.765546102
228,0.038725767,0.848889834,2.674836754,0.061997361,0.895514112,0,1.748819749,0.752346948,0.976173474,0,0.845428447
229,0.054903986,0.875256803,3.0754001,0.060319558,1.916230442,0,2.425544751,0.465486055,0.832743028,11,0.8606011
230,0.0408965,0.852905051,2.336495167,0.075290305,1.947717402,0,2.40596912,0.38710148,0.79355074,7,0.874092867
231,0.054657417,0.900993307,2.874447438,0.076680889,0.619165943,0,1.517488516,0.60256324,0.90128162,2,0.935227203
232,0.024769854,0.850830371,1.707209526,0.080823509,0.56742563,0,1.055931264,0.594635714,0.897317857,6,0.869198265
233,0.052653992,0.914108843,2.387499728,0.064886394,1.090279085,0,1.219111929,0.47504875,0.837524375,9,1.237786117
234,0.097340735,0.919755015,2.163112499,0.07770388,1.617001422,0,1.101026422,0.329206244,0.764603122,10,0.983057705
235,0.028197208,0.919126019,2.871111505,0.097549112,1.376964017,0,2.236910071,0.249111751,0.724555876,10,0.848877535
236,0.07006254,0.875964029,2.660825375,0.076397817,1.984935238,0,2.284625398,0.34252972,0.77126486,7,1.058341164
237,0.04002011,0.844150773,2.288319235,0.056854681,1.775652352,0,1.085523337,0.448306495,0.824153248,1,1.145079786
238,0.039564011,0.889347382,2.578214137,0.079269535,1.910524768,0,1.459926087,0.567886631,0.883943316,8,0.85888243
239,0.051158808,0.85413167,1.616643817,0.06516332,1.846107532,0,1.076212603,0.789949506,0.994974753,1,1.061781121
240,0.096671183,0.872492876,3.13176295,0.07025514,0.816738616,0,1.896939776,0.62910523,0.914552615,10,1.005700475
241,0.099036635,0.910965038,2.56242463,0.082852701,1.777985237,0,1.848672306,0.354897606,0.777448803,2,1.150781156
242,0.024570605,0.915036794,2.034565506,0.090661207,1.342266565,0,1.355517555,0.767879948,0.983939974,6,1.239681397
243,0.067337349,0.883778427,1.572427026,0.084010715,1.834632168,0,2.032086508,0.579982842,0.889991421,1,0.766800227
244,0.02518196,0.887923365,3.328876128,0.07314207,0.660315373,0,2.063965683,0.521385575,0.860692788,7,1.08058433
245,0.086766531,0.894154323,2.12587734,0.069522886,1.928802281,0,2.297377467,0.672474112,0.936237056,4,0.93354642
246,0.084668045,0.888187814,3.088221624,0.080403232,0.507425463,0,2.283637233,0.350201958,0.775100979,7,1.038959854
247,0.073176471,0.859864786,3.428288524,0.059082888,1.30755526,0,1.046200447,0.520394107,0.860197053,8,1.081333043
248,0.071776074,0.908270414,1.8265083,0.091677679,1.858160727,0,1.433901166,0.499480773,0.849740386,1,1.244837288
249,0.057579972,0.886354837,3.432552055,0.073836113,0.689265286,0,1.63607159,0.396009635,0.798004817,9,0.776235733
250,0.047981725,0.857147111,3.145806721,0.083522864,1.758771523,0,2.47153759,0.261450494,0.730725247,7,1.16595032
251,0.050952343,0.879905871,1.739425717,0.050567111,1.896484031,0,2.105903859,0.688091355,0.944045677,5,1.181024349
252,0.092381565,0.857870129,1.776961803,0.082972055,1.964938447,0,1.880096333,0.23121073,0.715605365,4,1.152564994
253,0.072317613,0.858774067,2.058733699,0.083479101,0.634586902,0,1.135550561,0.659929648,0.929964824,2,0.891034306
254,0.038004794,0.854588838,2.451789088,0.057033814,0.766415823,0,1.899981986,0.51902113,0.859510565,9,0.962309619
255,0.079373694,0.919832549,2.657980374,0.079081817,1.28299315,0,2.448524029,0.685535186,0.942767593,3,1.016048358
256,0.095796364,0.918041616,2.638128605,0.051147033,1.633749523,0,1.422231229,0.337550568,0.768775284,11,0.771040347
257,0.051752669,0.864647142,2.603542806,0.076468306,0.597505968,0,2.063760732,0.298930702,0.749465351,11,1.042503979
258,0.048038618,0.907019826,2.347814278,0.051235282,1.454851432,0,1.591935684,0.679854373,0.939927187,2,0.990793812
259,0.035124486,0.866515852,1.920350093,0.083937262,0.730450266,0,1.39396509,0.482688898,0.841344449,4,0.941610947
260,0.06447593,0.904716185,3.371710592,0.090840411,1.50328695,0,2.251507433,0.595758927,0.897879463,6,1.107796141
261,0.06955303,0.866048862,3.12427031,0.057599625,1.963427438,0,2.177228853,0.717013198,0.958506599,6,1.013197831
262,0.072068567,0.874942721,2.64349572,0.091621751,0.62030765,0,1.3503505,0.313071383,0.756535691,9,1.154616435
263,0.091519083,0.896250384,1.591937472,0.061755395,1.113316701,0,1.882346742,0.528338175,0.864169088,10,1.173420165
264,0.061539004,0.88591935,3.086106538,0.050666261,0.825253086,0,1.918037498,0.346199294,0.773099647,10,1.010868876
265,0.079174516,0.903312187,3.122466339,0.091686939,0.724416954,0,1.559582086,0.495982988,0.847991494,1,1.055777526
266,0.031501112,0.886759803,1.717572103,0.085023609,1.205487462,0,1.165770009,0.654166803,0.927083402,3,0.960967214
267,0.069003602,0.883412286,3.098520629,0.069342661,1.294967314,0,2.294070596,0.451404602,0.825702301,8,1.073592613
268,0.051717518,0.859103082,2.587613233,0.054601752,0.581755613,0,2.243945007,0.406657466,0.803328733,6,0.817280346
269,0.020045568,0.874477152,2.444514587,0.098150614,1.422834028,0,2.324014653,0.536705146,0.868352573,9,0.76266748
270,0.086044755,0.84330394,1.624649618,0.05384217,1.384660082,0,1.674224715,0.528313801,0.864156901,7,1.222577373
271,0.02418608,0.857856506,2.141638864,0.059625402,1.555230209,0,1.994681734,0.471883887,0.835941944,5,0.840028144
272,0.091310404,0.87966182,3.320240837,0.074550204,0.715764229,0,1.790915512,0.607161178,0.903580589,11,0.850693752
273,0.074958266,0.894518255,2.224750021,0.052312845,0.732192942,0,2.191913915,0.485649277,0.842824639,10,1.058641663
274,0.085585654,0.912793035,1.69880814,0.097853323,1.614376019,0,1.988565395,0.601812302,0.900906151,1,1.084941238
275,0.087585557,0.89226719,3.365847321,0.071862586,0.797132835,0,2.14777849,0.501164165,0.850582082,11,1.073240099
276,0.093108037,0.898754436,1.622739747,0.088265317,1.140274116,0,1.665379674,0.639149908,0.919574954,2,0.9963022
277,0.037287081,0.919461069,1.665604766,0.051708256,1.780977107,0,1.843521507,0.496954651,0.848477325,7,0.923380072
278,0.074232894,0.868848173,2.067346683,0.087555682,1.716898253,0,2.065088037,0.228005268,0.714002634,11,1.000927188
279,0.023622916,0.886728339,2.929340882,0.063754024,1.304156428,0,1.624098951,0.799933284,0.999966642,7,0.882623787
280,0.055103713,0.918469312,3.291982341,0.099775996,1.168314152,0,1.602923915,0.560949044,0.880474522,0,1.234106517
281,0.050920976,0.883869249,2.086247967,0.099865914,1.679399693,0,1.265955953,0.758935921,0.979467961,8,0.958175988
282,0.095621797,0.854044779,2.97571276,0.053516809,1.981108877,0,1.762565244,0.667268345,0.933634172,9,1.069892302
283,0.065831385,0.860414424,3.463288993,0.053971925,1.288410719,0,1.015681017,0.569103046,0.884551523,6,1.124899106
284,0.096530213,0.867198541,2.193880705,0.094102704,0.577204168,0,2.402154948,0.395206662,0.797603331,7,1.071452002
285,0.058643525,0.917717858,2.873027838,0.068799025,0.566552188,0,1.706748199,0.674178354,0.937089177,8,1.168078842
286,0.047281861,0.855666402,1.908048258,0.097245787,1.730274208,0,2.009139557,0.2563007,0.72815035,3,0.940915576
287,0.055291342,0.914742373,2.483116446,0.070165158,1.779564034,0,2.40980569,0.795029552,0.997514776,7,1.057818455
288,0.094403656,0.886132108,2.107322748,0.071968054,1.499892784,0,1.221715863,0.61201827,0.906009135,10,0.939109378
289,0.092514658,0.870250962,2.044822586,0.055815477,1.603673263,0,1.417038113,0.267890583,0.733945291,9,1.089884937
290,0.039356046,0.854616525,2.613559931,0.084289206,0.570933291,0,2.133935544,0.751473388,0.975736694,11,0.78143632
291,0.076640406,0.842464387,2.436112288,0.058604559,1.288897883,0,2.381817542,0.49221751,0.846108755,8,1.241542937
292,0.084388519,0.910387509,1.838160639,0.07373479,1.232768671,0,1.859354317,0.587075709,0.893537854,5,1.033875155
293,0.042571531,0.878787448,2.12308373,0.098046821,0.849893761,0,1.89921567,0.499108769,0.849554385,2,1.244655842
294,0.036337646,0.844252718,2.629385151,0.062118818,1.797598866,0,1.47910351,0.3276627,0.76383135,7,0.933923715
295,0.077977539,0.882123514,1.987744996,0.077185713,1.271199442,0,1.224750587,0.231528536,0.715764268,8,0.940640465
296,0.056841025,0.845066384,2.681705458,0.075714124,1.406490628,0,2.22421386,0.576141901,0.888070951,4,0.932533002
297,0.037914362,0.908930723,1.937736949,0.070464556,1.981111178,0,1.171038417,0.671603242,0.935801621,8,0.795697054
298,0.02698818,0.91717869,2.331812942,0.075585449,0.680547327,0,1.846194457,0.296288515,0.748144258,3,1.203698772
299,0.07883435,0.849936919,3.007267356,0.063860051,1.529276087,0,1.500887494,0.773065906,0.986532953,7,0.900891273
